filename,split
002ae037be8b7b7a8605866296c2d0a1.npy,train
0041a20dcdfd5e0d1ca0752365a70634.npy,test
00605158d1e70d86f1a84bbc0814ef8d.npy,train
00a4278f55642b43303183da6f2751ba.npy,train
010e294b8cc56aa73b24f8ab0dd4f560.npy,val
015394e050ffbd1878db1f7d1a70842f.npy,train
018ec2e4b15301675570513c9380cfe8.npy,train
02130fb14431f31039955d8b02b976a4.npy,train
0217d2fbfa84f388fa37432f17a7ee5a.npy,train
02f03a7f7ba0650b157d4d411af5c9ca.npy,train
0337b82f7e8e6a9ac9b82183ade7eac6.npy,train
035323ee3330e84be752322e598a24cc.npy,train
0383f4481eea23076f24a5f60371a3c0.npy,train
04555dc06c542cc6bc0a7880152a5346.npy,test
046efe0cfda8e1c30952bc9ff866b313.npy,test
047b19f3c82730836b128e72d8bfb6a5.npy,train
049bfe5cb1609e5cbc03e462bb11f632.npy,train
04afc6f6a2cbff9c28fb6803e40f958c.npy,train
0689adf36dbcc7a5146dc77f49b35ab7.npy,train
0696922a8279c10c1f0540ae7e172e83.npy,train
06b311f67220e3be48b40a79ccbc86e9.npy,test
071d9556e906bb992246142717eb3548.npy,test
07418d90d6fc03b91c8f91f9aee8efdc.npy,train
0752a9a3b8b67fb19af82ebb5c14468c.npy,train
075a6d6c761ae81e75fce9ba14c94e63.npy,train
0796058ceedc30c80a635699fa87617d.npy,train
07f58b802b42f992d82f5d7934b98831.npy,train
084cd633dee55e11e63d8cddc5e73a50.npy,test
08970eeeca23735569e50c3351d33578.npy,train
09982d59666d15ecc36d4c5e6d9c605d.npy,train
09a7f5d4d13d899521b85820121683e0.npy,train
09b4c7cc9e943fc5fae788b6570045c4.npy,train
0a4664b3787b86f84f6bb8e841a3dbd5.npy,test
0aca661702f546f161effb91c4a3be3a.npy,train
0acb7063368807464364e8fe03ea78b5.npy,test
0ad97c77466be07676c0393c8eab8935.npy,val
0ae7dbbaff0a131f4f23851e7b7e68f2.npy,train
0b61c236808108106533f5fd27a02a97.npy,train
0b99e6942cba30010b2be732d7a943d4.npy,train
0c27c868aa8718b4b6cbed588e197338.npy,train
0c33bc4155cf7bfb61ae0af0be9dd265.npy,test
0c3cb83284ea84cbcd6ca3baff284622.npy,train
0c55147a28385f41917919cc41068a25.npy,train
0ca95191d8057393e9c70b735422e73a.npy,train
0cdebbcf0def9c813931619da6483e33.npy,train
0ce124e53a0875b635e5410720cff816.npy,train
0cf50aae839ff1586aa5a75f0ff65254.npy,train
0d31143f6c4e1eb1f7a7912fa87a29e7.npy,val
0de291ba7300f587fb4dc3b12f6b4680.npy,train
0df5d5cf51632f35013c1561bbeb8324.npy,train
0df8d098d48fcb263fb3602e8707a23e.npy,train
0e0469bc76b00c7e1b02d8964a83ac62.npy,train
0e37a9c3adf3e395eac23605932d5dc5.npy,test
0ea0877ec47c88c13a920dfe0576901b.npy,train
0eb56f543c05a148bf4e65dfe403a377.npy,train
0eb8449b867ce446b4f3cc149ae43b37.npy,train
0ebd5d210fd47d535a6020a5cbb705a9.npy,train
0ecf93d1252f3d0b8c8562a9f14bf263.npy,train
0eec52fa82994a6cc333e574513c85e4.npy,test
0f0d7ba2b322cd7635a18c7f02f6168a.npy,train
0f1a2273e760be7ea22400ab9d556f9e.npy,train
0f1a5f51043f6780735216a9dec713c3.npy,train
0f260d0194e4013e6645e0147097f9c1.npy,test
0f2f0700a321b812aeb1b9c9c17aac6d.npy,train
0f44a2d58152dceae002eddda2b6a661.npy,test
0f79a3e27dfbf09ea0bd36e7d7516822.npy,train
0fc63766408d13f9259e31c21c73c9e7.npy,train
102ad12ffe0e081b44935c599feddf05.npy,train
102b3c1548c5f0e571e5273841f15b73.npy,train
106dcc497e7e2c3a01cc30c7afb79d75.npy,train
1078b798a80a22b6109640f8465c35c7.npy,train
108cffc5e372d57fdb4eafa6cf92795a.npy,test
110def40024ba1cf4917b7f8f571abd9.npy,train
1129914bece077bb19d88dc51105e613.npy,train
117a69dabe72617a51b1eb08963a171b.npy,train
122927889e0eb285c3f673336b0db352.npy,train
1234eb868bf51752cf0da28594e4e07e.npy,train
124cbc565a4b9361689c397f590ce94c.npy,train
12b99ea5e92fa0100abe5229c5551d59.npy,train
130edb3b243c2c37e0599ae7082a32e1.npy,train
1396a3a02a7229cd0ebcf353d6cfb0b0.npy,test
140e1596811fa1683393a3ad495f734f.npy,train
141062ad12f1016a3f57050dbe88f655.npy,train
14510f6a5213403dbedd8b94bdeb7f3a.npy,train
14594c0f037565f59d25d95d62d3dd8e.npy,train
14627729cf39606435a73abf8582ee2a.npy,val
149b6b240055bfbe6d9afed45608110b.npy,train
14afe63687cb52d94f9ae523d1a9256b.npy,test
14b9048fa8466fe1cd13c08a7d5a7ba1.npy,train
15579b69b581dde8c6eec92ce8429a09.npy,train
155c58608e0db189dd0452884eb0bfed.npy,train
1684bdbe5e3bc430e2a0194460ea2652.npy,test
171f346482890da1e3a1d35bc8aa1aa1.npy,train
17375a277a4ef41bb1d1551237405685.npy,train
173772bb0e2a861993eaa07aed0b165b.npy,train
173ab805f43f23aafa306053285d8cd0.npy,val
182f80013d77c14660c52f1c18480346.npy,train
18439c646d672af4a44d2ba44ab91a9f.npy,train
1854c2fee58f8d0ab7c13f2dddf0f7e2.npy,val
185bca99e3a70f9b5ea3f4f2c2f43b68.npy,test
185ea9a2f7dc7a087c565a4a5a14ea44.npy,train
1871b7c3e01c37d7a9a663b7613c8493.npy,train
1877b5426f17c13710a92e48a8970d80.npy,test
18c945c733877f64e2cda007281a6893.npy,train
18dec15446a7587a83aaf367826af962.npy,train
193c18ed3720d76a117143afa9d8f690.npy,test
195a7871a31bfe9114642c676e5a28eb.npy,test
19749d74fd1d4590adbc66b6876b8da5.npy,train
1984d231cd76d47c605e52d54adc0a94.npy,train
1a77bc5bf1603e6a67724c85536380da.npy,train
1baad84c026f048334c414149285ccdb.npy,train
1bc09701bb4885210331bd1ac2a87a53.npy,train
1cea12c2440aa4f0997edaec069379be.npy,val
1d06c72d74a23b5b9b574b9b9dc0d2dd.npy,train
1d18657b55a542fe9fbb43169ae9ce69.npy,train
1d29310e7102ec2a4b3f8145d0440fc1.npy,train
1d514994267979c06496c29ceec08d3e.npy,train
1d7cee5c880487b6793926f111cdf148.npy,train
1d997f4d7ab8ff946279c3cc48b9ac95.npy,train
1dbcb814feab6c6ddda22369227495b8.npy,train
1e3b7041aaee443d5eb218749a291619.npy,train
1e3c8ed3d2374fc14367c9eba827bfd6.npy,test
1e7a7945cd9ce60ce43f47cb72f72286.npy,val
1f10707f08605a7db3b891602f89fc47.npy,val
1f137f38dc41cef33d85224b1b695b85.npy,train
1f287694ea722237be00ed454b5f26cc.npy,train
1f52cbff3253acc260b19cdd5a0264e0.npy,train
1f8631eabc766fbb41dfffccf7935e56.npy,train
1fa4d407e5d97e5c0cf6c96340f20f59.npy,test
1fd52544b0610c7157c267290fb13552.npy,val
1ffdf22253ac587cee9c8acd3a982ef3.npy,test
200cef6961f75293ce00ca1ca756b175.npy,train
2033b639d53c2a127528f4aa65b08e89.npy,train
2066620c6cd74c1560cece2c2feeee16.npy,train
2087bd5b443989dff49e4150b867f1c9.npy,test
20d05f5009a483b20b01b97472a026a0.npy,train
20d134e45a4b6fd3fa8b01019765e465.npy,train
20d3e8fc45de9915cf18f717edb7d078.npy,train
210840cbe9ed388403dd2b6c7313c5fe.npy,test
213b6506f98969d96b3e49bc8948d271.npy,train
21641fadbbae9248deb07cbf9cb7aadf.npy,train
22125a34d08510cd8ce8a0e8df729d34.npy,train
222da14e2853b8f23bb687fe764ffe86.npy,train
2240d8736b7edd679150f092b5b6bcf7.npy,val
22c3c01c6b6045a61fd0500f7735a59b.npy,train
22df6a33c906cbbf66ef87c726f43446.npy,train
235246b722cfc2e3c84aa85ac10666d8.npy,val
2382a9804369d642d06c3544d537b979.npy,val
240da0df8b5d5418b67997700419e041.npy,train
248569dd0e3c1262a2772030ac1fea0a.npy,train
254421fd5674d3690b0dbef474af8617.npy,train
25d859cc1c4b3e9adead03bc84ac1c41.npy,train
263510f549d381997934a3235ec65b10.npy,train
2636d51e7c6ba785852bd4e6a4341a92.npy,train
26aee5b65c9dbf3a8c1111e68f362a1f.npy,train
26b30fa9b7900f024a9a6c479222f65a.npy,train
26c70d195c730c92e424ba89d281a54b.npy,test
26e0886a617a4864b0ad1f72fa1fe47f.npy,train
2705ee76659312b604009f4546781b6b.npy,train
274ad5b4ccc72ce524a34071195d6707.npy,val
28297783bce682aac7fb35a1f35f68fa.npy,test
2833c6a6d2cab9800a784d38a89cc292.npy,test
284ff31467d92cb95f477fea90272abc.npy,train
2854e554fb7956c9e4501ca7ccc6f985.npy,train
286f74378cd637a8cbbc8624dcf7e483.npy,train
28e6b77c4dbb2b6f79c9e121e0d1127d.npy,train
2914f794fc4fd0583091b2e1a2c0c341.npy,test
2971b82470e3e34011c43776a809d38e.npy,train
2985b8f20cec06dbb1cab8dc4d7e51cc.npy,train
2a4cbbad3d283fb523188c547dfd7885.npy,train
2a4e8a0a634c7805c8fa1aa15cc703a9.npy,val
2a8125d9f4fc18ae2c44d9fc6bb52136.npy,train
2a9de486092d3247516660de951a51c1.npy,train
2ac69dcb403f91622c375a60079b6f26.npy,train
2af3400b27d0ce878d99e927f6db7cc0.npy,train
2afee83efbf69c9ba2485ff9d86971ff.npy,train
2b1f264988f345997e5c6794302ded71.npy,train
2b233108752c18bc92ddc4de7ae70806.npy,train
2b42718ef36fefd1423d7bd16325c697.npy,train
2b623810cda759d56eec3abb5c7e5dbf.npy,train
2b68c39de34ca359e45d2c5ea680d9ad.npy,train
2b714c9a157de52de6b7e0105bc1b757.npy,train
2bb46ba5f9795868f43d8c093df74746.npy,train
2bd1a751d46a7d020ffba6b1329499e7.npy,val
2beff296864fcb79fa8e6d9868063fe7.npy,train
2c005371c13871e4a216b9fa1b917ec6.npy,train
2c03bc7514227203040dbec7c47a4b03.npy,val
2c6093325e1e6a17d35a80a6cb58308f.npy,test
2c922e7ae5af331ba422a3200b527f8c.npy,train
2d27e8e80f0ba85192d392af70657cdc.npy,test
2d58d7f144f67a5571d311877805a069.npy,train
2e5b87d49b79867dbba223becd747f5b.npy,test
2eb1164f9205295de7ff037d621641c9.npy,train
2f21269eb8e21fcf62749e0a9b71e767.npy,train
2f37313617002078cc2e3e5a7976f685.npy,train
2f3e2b3fda4e7e81e60379b5daa2b2c8.npy,train
2fadd59351393c8485ee50d0400a5af2.npy,train
304614a3851470b750132ead8638a04a.npy,val
3084d333c9947d72bbca727378a8b408.npy,train
3086f9045b0a659c269188be328c129f.npy,train
312df8e315d435ffe1fe8092e41517d2.npy,test
314b6eaac18cd7f6aae178a8aafcf977.npy,test
31ddd3ff0786a65aa95de381ada8e7cf.npy,val
322d8847273dd313a1a8aa7b55ddccea.npy,train
326d7c2123c6c9bcfe775fe48567a182.npy,train
33c0e9479d03e51da812cdcf8cbf6dfe.npy,test
33eaa7f471387f57d9deca52d209239c.npy,val
33ecdabb62652189cd48fdb8cf5060de.npy,train
33f79f029a94ae1600002baca7cf8e6c.npy,train
344f76baddd631707ac0d1851cc127e7.npy,train
34ef332520f50127e3e78c2e1477d37e.npy,train
34f0c1f5477e407df81cfad2e6338586.npy,train
357cab60dcfb9d6a1c49ba6c7c9a1adc.npy,train
359fd2a545868824a563ae51cc4a436c.npy,train
35a4fce3f38280139f2d2e6756d3fce8.npy,test
366682714cfc2522985a5ea10b485734.npy,train
370db482253353f46932b1e6e50ae33d.npy,test
37b0155d8a367aff7fbf6c4fd86b8ea6.npy,val
37c122641ee384a0958641f183e8aca1.npy,train
37c6735f2b485da81833750ea29a4b3a.npy,val
3827da31fce88576a2d70fbc23ee768d.npy,train
383124c0e49fa10f28f3e3abf2250a8c.npy,train
387cd60c78e1892c9ffd5cc18a8302cb.npy,train
3898848647fb819d2e53be3762246f66.npy,train
38faf70bcfc6dfe7adace2128835da6a.npy,val
3998dfd4007fd1ab206626241d7f6841.npy,train
39df80360296ef0a3fe064bd8444281d.npy,train
39e75d35d88f4b61aaa24a42340f3984.npy,train
3a095a46b3c3cacd7eb5afa77cddd136.npy,train
3a20acb7df79f4ac37071aa6149e4d01.npy,train
3af63918425fa8c4407a50f4424001a3.npy,test
3ca47fcb832e91de42abd35e4b644581.npy,train
3cac1e950f99fd0efa11d5558f653af9.npy,val
3cd2f4195907ce6bda1d934b0511c94d.npy,val
3d83c59aed15eb447561481feefdccc3.npy,train
3d8705d01be2cbf5755079d68c083273.npy,train
3dbd2d91e859c67c0c13d1e963be9c4b.npy,train
3dbebf7ef2750d281f537023f83da8d2.npy,train
3e833670bee884f90134f703b78a7877.npy,train
3ebbe179561c732c736db9c08340f539.npy,train
3f1dc137621504d34bfb265ec13b7ea8.npy,val
3f9a6da5a4dfdd20c95c1a26254c719c.npy,test
3fb206770fb52474b02b693cc63f4fe5.npy,val
3fef5bc25eae1662a201506d3b869d8b.npy,test
4010ae460a28588ce2a66413214cb48b.npy,train
405799b53b19126e350559bb23c15f94.npy,train
4062e6bc9543926809d351b86e433685.npy,val
408f36b18f3e73584f8db6166a319737.npy,train
40bd1cd1a9afec0f3078983e92bab9cc.npy,train
40fa39da6fc577f6df1e2de4f5dcd9a5.npy,train
41c72cd08de9eaf8642ab963abed6dec.npy,train
42666ed91a46a624e23666a0f33d9b95.npy,test
428417a0636fa67c0baa84608b6b341c.npy,test
4326eef7ce7d93bead3eea2c36848da7.npy,train
4339f45a47abefb063f0b1291b9f097b.npy,train
434855c5a0357e6b9ed698fcbace2309.npy,train
4357c6e6ed61ae6a8d51c802386fd038.npy,train
4407dc25d0eb21af4b79f4990fafc4d4.npy,train
443cf0a86f7cded87471dd57cd8817e9.npy,val
44c4b0ecd84c1c48d2e49bac5d0f16c8.npy,train
44fddbcac52df687072fe9ecd807c629.npy,train
451c05cd7bc849cde626d29b82a215df.npy,train
457c7f50c472c185d2c86f9fa1f98f63.npy,train
45ea515a0cd81cf37f773e06a70cee84.npy,train
460afbe1a01a0a02c9173ca56b6d22ba.npy,train
46178c13eb8ab9e408e520589864ee40.npy,train
463f685b8836c52c84e2b6a1cead6937.npy,train
469b0bf79443bd02c44203ceaf6b1b36.npy,val
46e1c5b4a15c8d8a867c9314136155e9.npy,train
46fe49426936082b1f7307d4d644ed01.npy,test
4741b423ab5c41b93c686c257d3178e0.npy,test
474d79452bc3265caea139c1499e0113.npy,train
4751222070d9e5485559bf55b3be7181.npy,train
4759910a8b6bfc7605ddbd9019e2b29b.npy,test
4769e72cf17358c6ffc88d7cfdebd56c.npy,train
4769fd2bf971e53b26eea7d25c9a43cd.npy,train
47f42a00ba560deefe8e6ff6a6f315e3.npy,test
47fd74b8872c1892007143ba1bd07dcf.npy,train
48089d650d48b5c7724b2f660bd8ccd3.npy,train
483f7f93dab6ddbcd0544a3ba977cef8.npy,val
484d10ad6285b8813c1718963cf1269c.npy,train
487391549d27ba8454bccc3d3f21c0ae.npy,train
487c81d2199d4dbcfbd8e2f4430f9638.npy,val
48f0f5f29b9a09f74804085328f7a6ab.npy,train
495e0216237d970dd767108580bdf35c.npy,train
497a8595576cffea7db609593114c41d.npy,train
49cc5d37e711a2c076b2aa02276950cd.npy,train
4ac2ed93710a0adb3a33193189af0b27.npy,train
4b2395a4c157fc891ee1424893690c1c.npy,test
4b551cf0353fe8c304ecd992bffdd72f.npy,train
4ba8875888c516e93410652860513df0.npy,train
4c0a3e9bc23aea4dfb8cc664229e39f5.npy,train
4c2282d4d53eb5a4d626b0e45de03b1b.npy,train
4d566d233c737a38580d9d47222052a0.npy,val
4d6d59d4e9cb11f12d265e0c44a64847.npy,train
4db7feee976e39aa6ff2fd8242e32ff5.npy,test
4db9ee5a3a2f3344198f2e8984cf6bc1.npy,train
4dc444bf1c39d239fd6dcd4d911eff26.npy,train
4de709d488d2d73a826bd448b35ef5f7.npy,train
4dea84dc44e5f95a57f38e8d726ec05b.npy,train
4deb6615a6251240f1996b173d902459.npy,train
4dfec94817bffb943598743698176831.npy,train
4e2bb8d2699d2949aad2cb259906329e.npy,train
4e2c5e919b181352b3456879f58aafac.npy,train
4eb166e5747e64399b5b021c97734956.npy,train
4f1b8a55485880a72512bec5451a2567.npy,train
4f7a3818f6243805ffb74e98f6f90696.npy,train
50190a382fb0403f9028cea2de91f412.npy,train
5094ed00d2a113b3a4b5a7d0002cc97a.npy,test
50d4462c7680f3624ffe7ed9821f10a2.npy,train
50da3b9c77fee4f7a4285b7bf276ad44.npy,train
50e31bef5357501380f5128c5e5661b7.npy,train
511742ac6c524d29e4991704af209c0d.npy,train
512c90e3609081f5f16d3863261b91be.npy,test
514b4c95bf5f79371f9d0faa33448bd7.npy,train
514f5108f840431b530e843bf5bdab28.npy,test
519ac94198f99ed9c52be45c8707f19a.npy,train
51bac21024ce6e65912b2c40fc99cf4f.npy,val
52769cc7d68ec876627190ed3fd8338a.npy,train
52bf8ca431210782ca95e21ba87693cd.npy,train
536a47abbf5df7d794f4d2c1b4a4414a.npy,train
53c64c5af0227ea449ef5396d1d74425.npy,train
53f69262bf678c123cd5fac526b19cb6.npy,train
543fc1dfdc1a12030dadc1ad2e42cd73.npy,train
5443742fb9bcc451fce2b3b20e4b03e9.npy,train
5490661cb7c8ab08df1064ebc77bce9d.npy,val
54b7a646878561b783c0f59cc2b36047.npy,train
54b83bef4ffd7a7cdcb81442ce9502e7.npy,train
54e4eaba71343628335ad04b4d2fe566.npy,train
54ff977f936a788a84e5da14c2d7015d.npy,train
552920d805d02427c6502cfdd00deac2.npy,test
5569cbb9cee49c703a9b8e030c046dfa.npy,train
5572882a3bbf2b448e6a40a4a6161142.npy,train
557b4fba90adbae3a7eeb8889cf9d094.npy,train
5599635e81c19cd908e799e9f7a46889.npy,train
55c86c9da3412759d775e6e3762eb3a7.npy,train
55d66ce8672075963c3247a496008e77.npy,train
5639b1b8791fe1b74f7dff18d52a0ff2.npy,test
5722fe80d0dda78b2ece15c525b63910.npy,train
572b023321d7da45814ecf43513bda70.npy,test
57cfd520cb0990302d9593e54b8a07dc.npy,train
58425b0b59c42f12c81aae9454de77cb.npy,train
588fdd8127be4640ebaacc205208c301.npy,train
5896ec550e2415d4d8ae18e2897a050f.npy,test
58b6cb7d67c4094591b316a27aaee74c.npy,train
5921032da1761ad25eebf2c955de14f9.npy,test
5976fe0bbb2ee2be28cf4242b9ef9a45.npy,train
59b180754749e792f33565463046e486.npy,val
59ceabf221d924179e6edbd456dfdb65.npy,val
59fe0c08965d636f26dd511f4207c5e1.npy,train
5a1137ceb55e5dc4953b343e7a0c8ed5.npy,train
5a12b5330f7a8352699ed682831c9da4.npy,train
5a38fbfc0c45210714bec024e6016a29.npy,train
5aa20fa1dc3bde6469953c65c4a62e22.npy,train
5abdf33904b580bb9c99a889e85cc161.npy,train
5ad123312604e9953989795117fc8cf9.npy,train
5bdb154cf0c0aabf9c0d90f1e4019425.npy,train
5c4b4d104f17f9369bf820e92ab1a8a3.npy,train
5cde061b11ee10079ee840021a5a9a57.npy,val
5cde79e5491e7d08977ea5a9094a88b9.npy,train
5cf98dc10b43762d81b23a015c87d35b.npy,train
5d4758065b9b416555d4abdacf4ea761.npy,train
5d75b26b4518e68f8aeb17b6c3f83eba.npy,train
5d9369fe79237bf39400b0b250da7166.npy,train
5d979b63651710a83d18a9de535e9d2d.npy,train
5dd4f214a6b7fb669b47e52fa95c466b.npy,train
5deb8469875e1dda75c119500f633c30.npy,test
5e3fb1470a5daa8c0acc62089d72e614.npy,train
5e91a7b3ca27c983a3d7d83888218243.npy,train
5f4a93f269c91faa15fb5e2f2dca7ca2.npy,train
5f58bcfd69f35bde8f3ca6c9a55f6245.npy,train
5fa984743cfc49cf253cb67618ad722a.npy,train
5ffa8a15f5642e8ac66a569c7bfb28ac.npy,test
600337aef93849317787e7d4952d3029.npy,val
60132bb07a137cd62bda6392c4992a27.npy,train
602ae732b714bc1e5a95b8902e1044b4.npy,train
602c9b62137e3f8a7bc00ea4008a1876.npy,val
606fdb3b4d012d1cd08cd5dc0bbaa243.npy,train
60bd2a67af3eb1b2c9aa52e3bc0c563d.npy,test
60bf9b443bcfc383f606cfd023db7aba.npy,test
60ce09e340c89d7255b2b9960c1d45f5.npy,train
60df0784c579a6fce9bb784acbc5efa7.npy,train
60ef6b3342be480096df5fdff494c416.npy,train
612b6b7d146d24d531dc48b1acf6e83e.npy,train
61760cf42e47350b2a64bfce3da9d910.npy,val
617e4227a1c15e165698d1ee876354a8.npy,test
617ff16e4867ad789ac3186e5e1588a5.npy,val
618da03694f1771d47c9d3735836a74e.npy,test
61bc5d8e50e25b9d3d22d3a60150ee14.npy,train
61f479990e355b52965c96527dc163ab.npy,test
62024de2d390ba683c4511bc4c7c2812.npy,train
6283cb236fb602448024bd193baa2b46.npy,test
632775372a2abb6f74d1ce691ffbceec.npy,val
64230df1dd7797d8e9917f7fdb24af5a.npy,train
6473fbdf1cfc720e4f99489c8ba148fe.npy,train
64a5154345872ebee1536045acfaae25.npy,train
64b9f15282acbda8c43ab7a355b9d935.npy,train
64bcdf2ac28db574b0cf82ae66a75c48.npy,val
64bd52b8cfb37cd37dec89c6dfc287f4.npy,train
64c52b00b42358ad15b441eaa8d062c7.npy,train
64cf3684f7192ca5a003de4e004a0946.npy,val
64f40a97c506ac96ef51e3bf1187d25b.npy,test
65217abbe61c0a76047f8f3974cd8b52.npy,val
65479f7e99c54b95d7694d7099f395b4.npy,train
65e2a97b4b680a86674987f25721d508.npy,train
666e0a9c95b01989cd257ab88fef7dc4.npy,train
667dd0a5e821bc5a7fc4ca799028c909.npy,val
66b01b6dc22d61815843ca4b17295ed0.npy,train
6761334cf50300b6a7414cd779c838c1.npy,train
67c843595e06fa819977b68ff70dacc8.npy,train
680922bc843c8b0ff7fc97fd65c66449.npy,val
6812c63453c3471131cdb2a11706ba94.npy,train
6818059b1d15917f3f80293ff51246b1.npy,train
681b6cfbd18aa0bcbd736b3e9edc23b2.npy,test
68c7618466e21dd197ecc579a876682c.npy,train
68cf6915095ac53015f8da263cbd1a7b.npy,val
6923e63eeebee78c2abf33c2e5dab729.npy,train
69d03376a7d5d127a069885cf030d46d.npy,train
6a850eb1b9d1bdb04c152d2dad37f92d.npy,test
6a9b101796121175f550f21b8abc49d3.npy,train
6ab58e7e9f775df6bf1b645b6ce79a44.npy,train
6ae30ceb846297683a980d7a50bf289d.npy,train
6af29567f38516d09ded23fb1fc195a2.npy,train
6b47601b1c96e55116a1f809fa5231b4.npy,train
6ba2cabcb923a90ebb3e28939d0b221d.npy,train
6bb6a26203d5f2f279f31e14860e32b7.npy,train
6bdc259c98ccef0349c373cc58ac404f.npy,train
6c4c1fcb58ab53b468d6f73e055f019c.npy,test
6c82068b64521234865edb5ef5e70cdd.npy,train
6c8f6409af7ea9c8afc9b0b04b3a99eb.npy,train
6c989a6795cb527fce0f3249bd0f1b83.npy,train
6cf21620196d3257d613e9cb4ac5cd09.npy,train
6d061fd9d7df60940aeaca1e8521274b.npy,train
6d9615c0ce3b20fc98f46449d50d8853.npy,train
6e2936f7ce0a2754943314cba0e8e868.npy,train
6e54122abfeb715c6d43f8c6c388d9ba.npy,test
6e6a72fe3dc5dee6adb9520ac8271d93.npy,train
6f687606a07885f907940c669621c896.npy,train
6fcf4fb8c3dfdf399f51a37564fc327b.npy,val
6fdcdc0968ddc6412ac992345f539074.npy,train
7011e806b5f894c645e6a30402a3b264.npy,train
7033cfb441c3c0ba321c10fd885b6d1b.npy,val
7048fc38949d62e8257ed803e169351b.npy,train
7079e616b337bbbb8c9d6d02db053976.npy,train
70adb15c0734e82e86939e0449c399f8.npy,train
70b9bd861318c49119be1d5c5f9bde48.npy,train
7153060a0e613fd818b2d5935d311bf9.npy,train
71647ec26af924d1a4ca6deb537ff0c2.npy,train
724ee393e00af6daac459d8dc8da813c.npy,train
7315de37ff52202124d4c09e80782fea.npy,train
7318394c1e69d4b221782af77db88b7f.npy,train
738755d4eae252007a7b8089a8c5b8fa.npy,train
73980e3f648d42d17fc13a7163c53d50.npy,train
739fbcc08f2996588c2f501a2571cdb6.npy,train
73cec5e4a7e986773929a1a83437f399.npy,test
743b68e5b8381a6209784136ac86e81c.npy,test
7447116fab221c4115dee1eab48469a6.npy,train
744d4293c86d0f92361b0a28f15eedd1.npy,train
748003e4b8d1896fa6bb048581a7fa4a.npy,test
74e71de3a36d1639383ea0986b09daee.npy,test
75564edacba28fb75caeb2e89791283d.npy,val
76269eaa96f0fac13bf00e3c344cf0a9.npy,test
7661bf0094f673f55afd9273d50be8be.npy,train
76b69ee3fd34b8e61068c23bf1c38f25.npy,val
76e819821be6c9079e4f822b68bc9777.npy,train
7798ad245b4a3e54ee1a889ce0b97e30.npy,train
77a1b8bfea12a98d3c117c7c8c01cbe6.npy,test
782bd2c7419de9eef9adf96b8e8e8352.npy,train
78b1e5a5f686476ca2b73aa044e7082c.npy,train
78b2c33ec3059f8df5e9d8af3bd7a4e4.npy,train
78caf82c79055896fbcaa07d4cdcd80e.npy,train
78cdf8f6fd247115d1e6c5ac643d3532.npy,test
78dd1a514dbef12a22838eb71f155f03.npy,val
78e62f89ffb1eb7c15ad328784653a18.npy,train
7951ef4f1e00b13adb6b4d34993812f6.npy,test
796d2bc2216ab3fd241195a2c613d33d.npy,test
79bf64fd7d8e7181a8552f45797be788.npy,test
79c88b3874cf30a02ddf96c434cdbb38.npy,train
7aba8b581f260157e0f7036e7b6395e6.npy,train
7abc6e9fb284668fb8fbb8fb68b90c4e.npy,train
7adddf18700a2fc0b055b30bcac866e8.npy,train
7b385918c99d42c097361e908a907c8d.npy,train
7b3a16fb9cc80c73538bf7e7d5511a95.npy,train
7b3f9a97d8d7cb610a197d94da0814a9.npy,train
7b57bdfec1796247d71d310dc818269c.npy,test
7bb4dbd211ac5e242b22c47c827c649a.npy,train
7bc915d8a8fe52d043dd48e3569931fe.npy,train
7bff4cc98df57be34ffc0fdb3a10550c.npy,train
7c72648e11e0f621726663bf831f3dec.npy,val
7c8dd6cc42287456449e046e15b7e33b.npy,test
7ce4407d213892d755d5706e473c8302.npy,train
7d18788160a9264489511c26fecf5084.npy,test
7d332304bd8b898e6fb36cd6c3287861.npy,test
7e188166d5da8870f2725f0ab4f1eefd.npy,train
7e39f1f27ad5db541f5926753b0506b2.npy,train
7e8c1d9d80db33de1d7f3cfc030a8296.npy,train
7ebc2728c8905585208cf77319a23e00.npy,val
7f21bada90f3832c95d4f626989dec91.npy,train
7f704c56f12e4d599f91dae565a0d635.npy,test
7fa358a027fa1b482cee1014c3ff2ed4.npy,train
7fea980aa8ce8cf398a50b2d1a13889a.npy,train
7ffa3ddd65227688b49199bedbbf85b4.npy,train
805def800f49ca06ce5363caf996916c.npy,val
8072f2c155b12e6e8fb7718c5be807b5.npy,train
80d5f59e4802d51b1fa37e191fef3299.npy,test
8201812c7f5978b8b9d43c1d36031474.npy,val
8207bfebcf167bf8ba9caec99a64b0a4.npy,train
822f2185ee3217d8a2a652764529b08c.npy,train
82459bd8fe0169afa9b41f94da8e7aec.npy,test
827faa1320e0c2dfe465c05c2f720ad3.npy,val
82de5615a2fc0fd9668b529761778313.npy,test
82efb6020f9a3280fc8da09be26c7179.npy,train
832da13ca70cd4f34655c191f532d66b.npy,train
834a0d4180674e56398ffcdb774b4158.npy,train
83582f65f5157d28a4ec29e4b738dd35.npy,train
837ea00d865bb119dcd1b11317b01cad.npy,train
83c095186e7c31c440cdd2742c338d87.npy,train
83e656364aee07583313a8719d2bd766.npy,train
8422e4f392933cd266acc0ac9980d535.npy,train
84537130db405533cae059ab74c5292e.npy,train
84ca5061a88905157db36be9055b44c7.npy,test
84d349a040c49730b0b8a25499d541c4.npy,train
84d70d5fb8d600cb7ec08cf597c919aa.npy,train
85132e9e4845f5bcde9845a534e3539d.npy,train
85d43d7d406dc53ee5757f36364dce23.npy,val
86645b7401ef0c117daef697b477df61.npy,train
86655e2e2bc936303ead3e3508e297a7.npy,train
867b97a878cfcfdee7290937a7b14e50.npy,train
869947bd3a2cdbaa79cff5aabbacdb47.npy,train
87756e8e550a7f76eac85067794a3fa4.npy,train
87cda2dc43d093eacff158d935b863c4.npy,train
8881bd7e11291f2fb04c9981a4309c7d.npy,train
8885c7af2da9bdd5fe10201d4caa19ad.npy,train
888621d11e3dfb6d834b0d4c9e928c42.npy,train
88a20c51e013b6ff82e5005ca4822259.npy,train
8979863109ce13018e51393dc0bab678.npy,train
899618a0708691837e8b653ea43bb88d.npy,train
89baaad74db690dc7f40be83f5013805.npy,train
89e6ea9488e1c56d12708e49cd32bd8b.npy,train
8a63fc70f5febad2b62d0de5369bad68.npy,train
8a8d2f035813d71e81502806a8aa81e6.npy,val
8a8f4838ed9dfca818fc2beb9d5484c4.npy,train
8aa2c4d088ee2973b285cc8cdc686c7c.npy,train
8aedf5fe9d56275386f2a0dfd94edc92.npy,train
8b2362bc81c2007547c69169bff71553.npy,train
8b55cc779a65805d7d274f06dddeb9ec.npy,train
8b91eece89a53d31cb3cb63ab257d012.npy,val
8c4114560d5f7bf115e19cadc3347140.npy,train
8c47b0ca207c36eef698748bab12716e.npy,train
8c8924e41abdc17c8237b48d786ae56f.npy,train
8ca80f10b47bf5842404d2f8ae0e184c.npy,val
8caeb20e11fc36d5d957555efcf10b5c.npy,train
8cb7cb359cb4ae3ca1a63401545e1ed8.npy,train
8cc5a1c0a361bfd1185706704347c8c8.npy,val
8cdaf4cb04b35dad8971e27707c7ed44.npy,train
8ce700c7394a9086fdff728bbc479dbb.npy,test
8dc1e179fe49d3c53a428234b0c72003.npy,val
8e0ed40fbd943832b1b812a9fb0228f7.npy,train
8e2332efd7ab707f5693017d9eaab438.npy,train
8e24a740516121bd1ac97d0922a61ddd.npy,train
8e8951120e48361a8089526aad80a4fc.npy,test
8e8f35106a739e6bc9a04a39b99c86f0.npy,test
8ec66600833d7787e42771e7d2b989a5.npy,test
8f041807a0b7ea6d793ee7dbf726c045.npy,val
8f8c538bea27aa926eb19889b6043109.npy,test
8fe8d8d3c649d260692e085bb62b20fa.npy,test
90540ca1bc503e45257c987b331b78fd.npy,test
906132f9df8b4d47f5ec98a8fae5edf0.npy,train
906a059aa7229b94a7716b9f7d585d6f.npy,train
90762c8b16fca9be0dca1cc2c701e637.npy,train
9222ac83127c100c5865d157e7c3d690.npy,train
9256cc62e29a7d8443903e2be9b62973.npy,train
926c3722a36ac4e8a1c561d451adcd84.npy,train
92812f1db03895cc174c8568437b9c5a.npy,val
930b2e2f6217b1de213a22bd82834d9a.npy,val
937d0958bce8826c37b274f0db8f921c.npy,train
939ef33c2ce1a2d47338dcbeae0b5076.npy,train
93a10df80770c85ce38b779cabdc9957.npy,val
941d7f1b4cef411de7f2788aef54b708.npy,train
9424b487ac500929f9aded3890a3d79a.npy,train
94519ea2f218d3031e42f517f0e6149a.npy,train
94760482af28165347178eb853b06fd6.npy,train
94d15c6cf5c888fe144f00247e968d6a.npy,train
95091e62042440dfd2e5bf4ec879e7d0.npy,train
95308e9abdc2e9f962da6abbf3940b77.npy,train
953927feed7079abe49c937896049df1.npy,train
9542987aae80677fc1a3467f1f50d45c.npy,train
9555a0b7d8f3d9575650306b778dc1de.npy,train
95cf61697a038153a0dbcb54bcdaa627.npy,train
9694f3d515c8bd4011ceccc52e3a2419.npy,train
96c2edd998f4fd912a853e4f2e75a77e.npy,train
976acab848a0097a6ec3e075e6e0a088.npy,train
97b9b55f611ffade7aed70f073630a31.npy,test
97e26036c9b3d77e46df8cc44808d9bd.npy,train
97fb454b9b4b33a5f4ccd6f614873717.npy,train
9821cdaa9554ae8e06432f567c85cd94.npy,train
9840269fcf20e9363f160bd281d38106.npy,train
9843a94473b91bebe02fb5495994f318.npy,train
99db7b99aaef14e9046ad97057465f6b.npy,train
99e8ba7c13fe8fd8491cadbc42888be1.npy,train
9a161060c6c8b81abbfdbede1c80ae97.npy,test
9a3d5844d5a2113a99f2d204b7c3d67e.npy,train
9a44024fef0dc8a8342477566d4b89ae.npy,train
9a8a86fc683948322adb221a4af2f15d.npy,train
9ac7c6a2f38f5749b4d6553fa569d650.npy,train
9ae455af45784385f9c20d52fb79f390.npy,train
9b03da898c12bfbd03c6b15decc788be.npy,train
9bdb7afa263b6022d95233baa58c9d1d.npy,val
9c0fd5cf644f0959ad98cf076e058a32.npy,val
9c1a0b89e68d3654f06440f0e43cc479.npy,val
9c67f6b672a9d6a2612b4f2cfadcaeeb.npy,train
9c6979c89984cbcce2eed6d67e5b23a4.npy,train
9c8908bd39da910eea9880da3b7b63f0.npy,val
9ca7960efa2c9f7a12f793abeca765ea.npy,train
9d1ab0c09df34620a1dfdea9ed5e2e0e.npy,test
9d51bcd55851765538fb5d0ed05a59a1.npy,train
9d883ce8c1039c9c6089161d45145b35.npy,train
9db912042f5cca8ac09efd157eef99df.npy,train
9db916403871a82e82119d7bddbd6fb6.npy,train
9e1601de49738e653782a116a5db113e.npy,val
9e4d79e2e6ccff057124182568c60986.npy,train
9e4de3d85df7fa203445bf1aacdf2628.npy,train
9e790c2d28f14adbc89120daaa15c5a2.npy,train
9e91fe35c2ea3446674e8a2b7c6abd44.npy,train
9e93d4f61b8fbe0b4585cfafdabb0276.npy,val
9ea7e150cef9cf5f3b984ce782eddadc.npy,train
9ecf7dd220aaa4eed05595aabae6ea2a.npy,train
9efccf75e62e4f6d06123095363493dc.npy,val
9f075c7af38d83a4aeabc8c71415e6ac.npy,train
9f263e6e4b56ec828d4d42d697124dd2.npy,train
9f2eb9150e8d725cc19ba665df7f8c60.npy,train
9f890d013fe5bd2951827d61937227ef.npy,train
9fa6c574192bd1ff292350d992aea92f.npy,val
9fd1aab65510b2febed749aaa81e5d38.npy,train
9fee295f49375785bdbd1ab9b0d78d7c.npy,train
a00c41e356d305d7a9a5a913e8c7390f.npy,train
a02a072502d0192e37b7d8fcaaf4e3d7.npy,train
a045f8016b617289c756d03e134a78a7.npy,val
a05e0b0b6b38ebaf2510f466bec64bd4.npy,train
a08c27a447209982ddf3e2d0bd5e5ba8.npy,val
a0f2a46dae498d0bf4dd72fc482fab4e.npy,val
a128a8f54c34cfbea361b82f44fac794.npy,val
a133418728f074df448687898f270121.npy,val
a154352fd6e01f033b82a1ed4f392ec4.npy,train
a17b8e241bc3ff83f25af7fb52da6e5b.npy,train
a183bb071c5124f9dcf9e6e46558dfdf.npy,val
a1974201b0ba311c568abb2dbe630388.npy,test
a19bbf328c30a340df916c2d38b53362.npy,test
a1d01959de8af7949ed67d7c26d37363.npy,val
a210db05c87c8368a665b9ba518c2ddc.npy,train
a23a883b0046ff37d1c1c85699fe3d85.npy,train
a24c085b484d39e06aadab720454d9c5.npy,train
a2cfc7fd15c191c8a61f87c47097522c.npy,train
a3014d6c04b582697c34524014a1635b.npy,train
a316a9a51f251e7978cb517b8bbd9cb3.npy,val
a322e13acd6941889c24dc4e4b23792a.npy,train
a32472d114e28ebdba9c7dbd0238a34c.npy,train
a3e7cba244712035917d8822893ecb8c.npy,train
a4983f72428db7011942c63a710a7ff2.npy,train
a4c89371bc02c4505004693f7840000b.npy,val
a4dd3189958de1ef6c0b3c7a6dfe3717.npy,train
a4e023a28a0d58e3c666669cd79e3389.npy,test
a4eb54eda3a808b7fc162d2489d551f3.npy,train
a505c87956661af77cb2843c94c11db0.npy,test
a54dcf79b225d0f905291d56767f4603.npy,train
a5a92308ac652d0b902b80fefea9df06.npy,train
a5c6b112215e9ca1ad5258ef63b21c2e.npy,train
a64a310dfa11e5f537d3e3b63f17353e.npy,train
a668f99472b44514e97bdc35a077c706.npy,train
a6847a4fc22840a14fd9caf3be4380e1.npy,train
a6bfcfb2e0fe77a227e3438f4cf9cfb2.npy,train
a73bf13f6d976257799fc9d617f3b3db.npy,val
a7d158093ff886b28c0f31a42baba2db.npy,train
a7e08bb6011bdadb67011d4ff21032f6.npy,train
a7f1874699ea29d9d909c758559280a5.npy,test
a833f6e401e41f4d2dd954e0b3453675.npy,train
a910e59dec8e109f3abd00c638afdb16.npy,val
a98b2f94ee3e32ad30713bee260d7bba.npy,train
a99b8cb51a1457f0be4b65af566e3ec1.npy,train
a9c07b00302a73fa5c93ee5239e4803e.npy,train
a9e2f2e96ab757e221100ef0a4c42143.npy,train
aa04700c0ebfabbb9a051d3e6bb6a807.npy,test
aa16c9c4b7227ff2e52420015d25b8bc.npy,train
aa340471773e0d829d300c6420d963db.npy,val
aa9daf8220cebf99566094379a35f1e9.npy,train
ab19016309af7d14bc340075088428b8.npy,train
ab776feaf4f9661cb6cb7203edf8b8f6.npy,test
aba3447ea9284cb572318940534507ea.npy,train
abafd53483b1eb59e9c9c910c8648b0c.npy,train
ac42deae39c41330569a2220c966765e.npy,train
adb5d08fce702e46f4c8e57c92f21821.npy,val
adbdcdb323a65de261cedc71891b98d5.npy,val
ae10517091556c337dd25fb6094dce44.npy,train
ae784e54c1673a1266d19b36518f4e11.npy,train
aec2751bbaa3cd32bf693bc3edeeacaa.npy,train
aef410cb182fb97d57e67844828476fc.npy,train
af272d4a47bcb37ea764b8fe068668d4.npy,train
af28a96f7dab88fe67f3659e9a0bf929.npy,train
af7bcfe3bef3e82cc02b869ef8c57ee7.npy,val
afa1539b6dbf775cc9144bd00c7bed61.npy,test
afaf137fad105c0100dd05372255926a.npy,test
b01d59177889da80b6622d892fc12a74.npy,test
b0e1bf4eb4222f8ccdcebf3728d928b0.npy,test
b10d14e970ceaa82ce19d77f2eb55d77.npy,train
b16ec5c393af03a65ea6d3385364bd70.npy,train
b17912a86571df139821aace208e8ab2.npy,train
b1f21405d350cd970142057f0c1ae28e.npy,train
b2093729a6182281a04ee2627ac02f9d.npy,train
b241deb8e7711631b3a2f7104767fb48.npy,train
b2844e7c1f9ce9e425274acd68b66e7f.npy,val
b2a453424212c59b17c29035c0fff7ae.npy,train
b2b3c4b7748011ad29a4433be0008023.npy,train
b2fbce3fcff82e11d8fc13e7b7a5367f.npy,train
b3271a4eb463a9de4fc2866a121fd6b5.npy,train
b35418d8f01388f3b72ce1c13481c680.npy,train
b371800f2832f991b3f684bc83958d14.npy,train
b3dd158aaf4f11330f04acbb39677c44.npy,train
b3f10d97a74bbf7716db79249be18787.npy,train
b46b2e3c91f4600356d92fcd7e99e60c.npy,train
b497cae436ddc0b102c36b15f775fba2.npy,test
b4d3681d42a52dab2b83efc237a13ebc.npy,val
b50665909e6a08a0b1c3696d02807899.npy,train
b52f03c3d40a08a2fd5c910510337930.npy,train
b568456c85d696cc22d5a487178d9fcb.npy,train
b577c4df620ada9022042ae1de7ce314.npy,test
b5992b47bfb95ffbbd6baa6291a8c7b8.npy,val
b59d532f8cda9ebc1379bf22f6b14f12.npy,test
b5a4588cdd58b2d9a86d520b9ec1f169.npy,val
b5e278f7a12fe0529b9248e8640c3ca0.npy,train
b652726b0ffa745dc67b58ffb847c39f.npy,test
b67d77dd2d2aae21d5ddd187bafe4741.npy,train
b69924f6dc3f89de97ec23b6b90f9cb6.npy,train
b6e24e1d96ecafcd7c56e87f1f29d8f1.npy,train
b856f2a041bd9bdc16b9197fe2c5f33f.npy,val
b858b9def11a4dc97445340a32713cc9.npy,train
b86802ff2b5e53fe37027a964057c3bb.npy,val
b8b5bbd3e5c1061606cd093b97a34e52.npy,train
b8da76748e07f83da801275872ecebab.npy,train
b95872596915cf39b7ff472fa3f580fd.npy,val
b97d117cbe1050976bb7a4c0027035bc.npy,val
b984b099bbdef051afa9a6c9d06152e4.npy,train
b98619fcc7a96469457da57a8d2ae6a5.npy,train
b9a36fe90ffbe072429eafe45e13a0b3.npy,val
ba3fadf66b6f05460263f134d99d441c.npy,train
ba567a56fad24a05af3e82003183d5ed.npy,val
ba80fa69886d791dd8a4101360c646f5.npy,train
baaab46e878ca865e8e2915b7f72f691.npy,train
baab404077eeac1588d89a32cd11099f.npy,test
bb5d9ca6cf4e115de0139ba144ad5164.npy,test
bb5ed01cba73c09d171d466394910929.npy,train
bb65af54bd8c87ab97050f3fb8c159f9.npy,train
bc6bf3c1370e13caab854b87e32b0248.npy,train
bcba835b45edbacaa10d58e2c4a8d317.npy,val
bce4e51561ec10683cf8d2d20223750b.npy,train
be2314f073c1a91efdb99b3c41f57e44.npy,train
be74de5dd007b036e41c2a1b835eb12b.npy,train
befa1c706747ff1f4710057674189cfd.npy,train
bf0350b4ef742bc835ef7f92e0f49b36.npy,train
bf23e6e63e23601a474fbf5be7e541bf.npy,train
bf8cacb2aa6686245a5dbcc7d1d58a75.npy,train
bf96b38bb9447a3952d8092ad249fd9c.npy,val
bfb5126fcfe929b480e2087a72a27722.npy,train
bfe0909aa1b8f87933b17a087f39c487.npy,train
c01b33ad83d6de265d793309492e333f.npy,test
c05665aca27bbc30a2bf200e5398526f.npy,train
c06b2c55766cd432e81524d2632338b7.npy,val
c0c56f25a3ab6b5d3ce6ebebd0bc147b.npy,val
c0fc2f39d34f8f4a66fc6849c9cc47e4.npy,train
c1f0d36674fbec3f94666489cef2aa15.npy,val
c22121d56c77486e068f6b6bacf32249.npy,test
c23a6142dbe8e5ec31fce50f36a821a1.npy,val
c240ddd59a9fcc3840bf8b35d330da29.npy,test
c31046d5819cb1a4fbd0aaa767f9880b.npy,test
c346014f8eae8aba3bd3dd6e99655b7b.npy,train
c3bcf7b3a640674b92f1b9c78bc83708.npy,train
c4513f5dfd084681ed2d0c24e85b9cf7.npy,test
c4550f92ff5a77bbaa7f8c3e24dc97eb.npy,test
c4cd05bac32daa87f03266c36594a1b3.npy,train
c53979e25867058d82e1b6ad83461377.npy,train
c53b7dcfbe9dbfbe751121eff356b3c9.npy,test
c5655c8a5ea6cd53b3919f06e6a579fd.npy,train
c592e23331424bf7bc61ed9968347bd9.npy,train
c5a307eb0bc77aecf62ecde10d8188ae.npy,test
c5c68b2ad2fab19ef2e9b4ccfdbfc77c.npy,train
c606f27d7de56a51e9652287c9c26b01.npy,val
c616788f085d16d396464aac8f60b027.npy,val
c6aa3fa9772492e811248374e6cc54ab.npy,train
c7c82388d938f3d97c4290b03112e631.npy,train
c7cfe766fc866a0e22a08b6d072faee4.npy,val
c931b2ca9cee26f4dc2dac45e7e70e21.npy,train
c968f934fd760166ee5a6023508de2d5.npy,train
ca4578c655eb235c081a87bf84032a32.npy,test
ca46056ae21bb01eea74f0f2ae5cdf26.npy,train
ca5e42107f1d8842e331f8705c08e423.npy,train
ca7b49bea1135d399a201d47116fc262.npy,val
ca9b5e54ffe135dc0893f156418baaf3.npy,val
cad16f2fc761ab1de0ace32cd19d7424.npy,train
cade30290c9b9cd9986930aafb8fa291.npy,train
cafedd4d18bdbc84bc875c8ccfee3c88.npy,train
cb31dd45a5d9ec48a3102d6f48c687b3.npy,train
cb553d3074ecad595ecf8f8de184a91f.npy,train
cb9954c3aa87b52e7d2c635899d63292.npy,train
cbca3385c81f96a5d95cb5036aea0a0d.npy,train
cbf90a0ebed5e548a315c700d4b8d6ca.npy,val
cc032182f1736417f57f3f3f7d32f4bc.npy,val
cc456b34e4d803e1e75af95b84d2e9fb.npy,test
ccb68acc58378223f9d27c8f15d17d61.npy,val
cccc0fb21346ef23c3d6eeaee8ba27ec.npy,train
ccd984644b66a64fd58981d5697c0ac4.npy,train
cce1b056a079589c9f2e3786e3a0c130.npy,train
ccfa981453fb07e3855c45251d92ea3d.npy,train
cd34ac85334f2ce4a5db5c544bb67f0c.npy,train
cd53c5cc4f77d79d186cb92ba31766a8.npy,test
cd61050c999ca4a853ab0cc349483727.npy,train
cd771ab51668d2926ae0707767a76f94.npy,val
cd78dc147c53edb3ed7e5a142200cb6b.npy,test
cd83517e62828ae3df1d8e05af6a6dad.npy,train
cd86a5fbcc982327dcf18af70b27d317.npy,train
cd8e906d7d3629384ca9241140132bca.npy,test
ce45b29e08dbe029890a114faf77a10f.npy,val
ce79dc44c1c0fb2b40f61691148f061e.npy,train
cef00e18b14fbbc06265533539a6a957.npy,test
cf2c19032bcca4602f7f386a2a854b3a.npy,train
cf57359cd8603c3d9149445fb4040d90.npy,train
cf8c4276903275187dfe253369814f60.npy,train
cf91649f141f9643b0e6d84472b91cad.npy,train
cfdf693e2d961d857dd7b97d2ccd57f8.npy,train
d037a745a68770c7272c953fc5902fa9.npy,train
d096ef284f42b4eb95e9991f36b1e76d.npy,train
d19f652aa6c7072f6889afaabcb12b9f.npy,train
d227e6c7c7ccb5e65686557f6ef25c41.npy,train
d241687a3e68ebc7bc796bcf5d92cd7a.npy,test
d27faf61de0b1455758dbc1a2ca14bef.npy,train
d2c7c3470b9e67c0c57becff53ee61e6.npy,train
d2f3098ba96a0acf20549d01cf5c0527.npy,train
d37b8044425196c65f34294d92e5446f.npy,val
d3eebc6aebbab1251be79c8bf4e0b85e.npy,train
d41325ee8471bee449805920daad3c5d.npy,train
d4770114878acc34138f156e8699dc7b.npy,test
d4ed6cbd704436ca97281b62c5b39df1.npy,test
d52ae17b582761d5b51d71530de02954.npy,test
d5303ec2d4e84d24da8c8accaefb8f3a.npy,train
d5954c9e3f7a67362b0849eb86186e80.npy,val
d5a5048f228aebadafdf545ac285342b.npy,train
d5cd12e92cff4e7aa16c28004bc3c917.npy,train
d5f13d7a5f5c0d3396e520b0e63aeade.npy,train
d604100bbd30bacfbd3f04320405abf3.npy,val
d60b1c886e1f8824a68e2655bb9fd3f3.npy,val
d618dbbb3948ac0fa399b6191354c4fa.npy,val
d69f38690eeae9be176b08104070a60d.npy,train
d6f44b8d782a224aafd7d813c268f71f.npy,train
d6fe9d359dbe07919933eef818bda7c5.npy,train
d738bc35605711d4ccf3a72b2b616512.npy,train
d7410a9571ef5902acbd85ce54bbfb0a.npy,val
d7709c8707bfa69335405d12f83c2833.npy,train
d79940c3eae7a04e31cdc127be2a6c9d.npy,val
d79c02c91042d441136a807882113abd.npy,test
d80c86845393832c0f5ca20e9f51a9ad.npy,val
d848920dd8f12ecf6dc78ab7e76f6e4a.npy,train
d852e5308314fc0f6013963bf65cf038.npy,train
d8cd57bc01d14d43119512d2ba5ed88a.npy,test
d91330a714a241b8605840e4d91b5f80.npy,train
d9d7020a149164e55609639a1ec96a32.npy,test
d9f7b21ad27c073b5d2256a54801bcbd.npy,train
da092ce173b086014123bddbfccf89c4.npy,train
daa3fbc92ed21aba31eae09efb7b0895.npy,train
daacd0c187aedb2756976c381bc6e572.npy,train
db583d98de7ec8e5feec8b42867c2a4b.npy,train
db8d613e37ceb1ba489ed38d6c792ccd.npy,train
dba98d6316bb28127c44998b4e3b09f6.npy,val
dbaaed9f67fcfda2378b3ed5a1f13430.npy,train
dbf5425f53adc0d1973407265429a43b.npy,test
dcd8d7816ba777f7fd6047465cbdc58b.npy,train
dd56172dbbb24f2a546f1b9017a4951c.npy,train
dd69fbc2dc287519b27ae1a5cc8cd610.npy,val
ddec352527e4f0fa38d8aa72e6944bfd.npy,test
de01754dbb1f951a8e048bc18fccb2a6.npy,train
de1384509b3a6d99e7cf62465b109ba1.npy,train
de368d865553d85e563d6f404a42103e.npy,test
de6d7f59c6df88d3e0faf4db27f0ac7b.npy,train
df16accc0be1e429f01c9bcfeeb5abd3.npy,test
df18c04ec902312de88173f0c0430547.npy,train
df35769acbf49410196d3d7cc3c5657b.npy,train
dff0209711468b7c614a62cf8af3cca0.npy,train
e01b8b3120a01a9fc17e4ac09db1f26d.npy,train
e0354f512ade381abd3135884d4298ad.npy,train
e08eee6d9fc3068dfce2909ce8b8eaf3.npy,val
e0b6304673a014fcbc3a61d014537d0f.npy,val
e12b8872d22fed1634f5918bf22469a4.npy,val
e1b9d2d103719eecc6a7ff63ac83eb0b.npy,val
e278ef2ba85d3124ccc9301fd9b943bb.npy,val
e295b13e693c6a46b7361a21f87ca122.npy,train
e2cf64f05a5542042c65fc37bd28b09a.npy,train
e2f0f2e141b4bebb2be626222ed32018.npy,train
e33ecd46a628b7003b7ca6c05cc70ad4.npy,train
e3f7fd541591b62f87c0c6dd22a6468b.npy,train
e444488e22cd08ea84de63b3121d3e4f.npy,train
e45e59e1276ffc2cb7b2eae3b51ee210.npy,test
e472fffb9f637a5326fd8c24fe7143ab.npy,val
e48f71288f9c341cf9f8708b9c047391.npy,train
e4c0c938360ff4c97e67918d54ce25bc.npy,train
e4dbf6d6daec32d0adb827ca41966a68.npy,train
e4efc8817abed0736045a6140a8a4659.npy,train
e4f5cc6447983b424729297fb07f3b61.npy,train
e53d8b11f0cae23defbd276a86ec513a.npy,train
e580748878504b49d27e8f690ed6a7fa.npy,val
e67cd6178333006e4953b5b9cefdac40.npy,val
e6bae95627b136b35015b055c062ce56.npy,train
e6ce8c833b97feb081dafa1a94baf240.npy,train
e721f6baa72be971b691d9f20dc2394c.npy,train
e76a1f5c13c0877cff88afcfde1ddaad.npy,train
e7e844767cb3cbbd4c1bb50f89e5c5d1.npy,train
e875c5c1b8c7ff51f415d02716885a1b.npy,train
e947377475e7a48f22fd82b1b7c1452b.npy,val
e9b38339f0b02201ce03e0b458c1e5e1.npy,train
e9c5153129a6c2da35422007990bb7e6.npy,val
ea02e5378aa3c2f8d7f466e90b3c1d5a.npy,train
ea0b55cb136d381974e349da8e54e2c1.npy,train
ea38684037544d0ab4b077a0961d7c86.npy,train
ea50ca7f710229cc1456f83cae237cb5.npy,val
eb8333144daa360e224e7e66153f400f.npy,train
ebe5a8940e5545defb042ab59c83f94a.npy,train
ec203b30e4114b5646445a478f0b6380.npy,train
ec81a1ed4ffdd6312a6fffff69e42f78.npy,train
ecb51e54c280792e568a16f1242f623d.npy,train
ece15050b17f923d4778801c87a819f6.npy,train
ed6fcf3c3aa3822e804d74275f6c62f0.npy,train
ede3afa7ac9f12be6b6ab7452c3b66e5.npy,train
ee12cf68fcc23496ca8600e52b6c72d7.npy,val
ee3cfd4c2116ef19c973e5e5df2b4fa6.npy,val
ee4c5d5e10c6521f43adb0e5fec8334c.npy,train
ee7f832fea09a78abec81a631f8bc902.npy,val
ef192e6a19f2233608ad62b8edc1e7dc.npy,val
f028e08175932849a765590b821ce072.npy,train
f04c862c217677ef3b9a1f24cde81a9c.npy,train
f0e893d3c472252a098863a665e603a0.npy,train
f10ff7f0efdefff30dba94304f1f5077.npy,train
f1b4657a7c3fb3c875cd2a3f4504ed0e.npy,test
f1cde27fdf218bba636a0547c7ddb09a.npy,train
f2d146f43801bce61fb5a28729ee332c.npy,train
f2db1577a034e5e353709eb92fc774c1.npy,train
f2de442d8681ab074af315d9c82f0d65.npy,train
f2e8467119724d2bc34f397703b2a6b7.npy,train
f329538c0144bb57ffb9ce648a7ad89c.npy,train
f383d955f53307954170cdf2ed6de1b5.npy,val
f3ba33040dcb31b308dc4a429ffe68a1.npy,train
f420788763b9b3f8dbc3fda2f3fd71d8.npy,train
f46396e66121e9ca8813cfa5e0811ac3.npy,train
f4f5cd580cdf3cd48ca8fc14580e2288.npy,train
f51c8cf7eb143f40a8be25427d5b0cf5.npy,train
f52c6e67fa54d530202252e0aeea3466.npy,train
f54ba699be7b7860befa9def5a612b1a.npy,train
f55aed27147216aef0fb227d54ea2046.npy,train
f5839f03c574a3003fb7f26733e880d7.npy,val
f585f327189d9cbdb61b81fdb6736cc3.npy,train
f5c0c5397474ece0f20054bd8098658a.npy,test
f5d9b71388883e24a6751e7da3edffc2.npy,train
f5fa8ef8ee0ca1cda6972567b8d1562d.npy,val
f60ab4a728e89eee41ba0b2dafabff06.npy,val
f61776e9048e4521943696d851726118.npy,train
f6a1df872047d5df7c0ca15d4262a297.npy,train
f6b77c0646615296db0e75b90788f7ae.npy,train
f713fae32abe5419c9f95f386a6a2108.npy,test
f76078a57f9590df47503084d4c8e018.npy,train
f785431a0d3c3b7676b5e16184648f30.npy,train
f7b512cb80efd7d5e631a251d5838960.npy,train
f7ddcabfc8edbb335f20fb20d57c92bd.npy,train
f7fc7ca3bd3f0e607783e124e5ecd404.npy,train
f81b1c8f0c0ea263da82476518a765a6.npy,train
f841045c9d09c218d18a107dce9f263c.npy,train
f8de0dc89f8b70442b7c876da0b0e42b.npy,train
f8fe82975e4c8b7116e568913e9f764a.npy,train
f93ef4542ed04aaca186d0cf6d84236e.npy,val
f97e650418d898b250734a192fa9ff7f.npy,train
f98de0d104d2bf67e174b13188a7ba8c.npy,train
f9e4a6e73603af96b0fab4482fe692f8.npy,train
fa127c234472a0505fafc418051ed2ab.npy,test
fa727e00dcefdf79358129fcbb3d07e5.npy,train
fb076edc7f80717839dd20aac18aed81.npy,train
fb113aab9aca7e91d56f0b304e33251e.npy,train
fb4b1bd5f16374972b327fff22e02ae5.npy,test
fb54c9390f69533d462de57819e369cf.npy,val
fb568dab470826e66443acec81a2e30e.npy,test
fb63c477e260862e245f882659ad9bbc.npy,train
fbcb6e85a072ee2cd691251bc2732b7f.npy,train
fbdb5fbffc33f6e681327e364931366d.npy,train
fc5547338277ddcffdcfb308e8e413b9.npy,train
fc74b17055e97a049a746b57900c1e45.npy,val
fca36ffab4ca4126f704877628844e80.npy,train
fd0fc3a27d0c1f7ec825d2bd03842c85.npy,train
fda5a152f628c0db685240141d4d3f0e.npy,train
fdc26ecdf14de6064a305ff7b862ead4.npy,train
fdcc838fc0a7fdb6f202c5a6eb61b056.npy,test
fe26aee79315660278a8600b86abfa22.npy,train
fe3ff4517cb5821aa1d9913e6e7517ad.npy,train
fed8fc119f62cf93c550d4c12af76f26.npy,train
ff2bff51bffca8aad6de2e9ba3aee259.npy,test
ff2f8f31cc48fe8de451f4905b53f0ae.npy,train
ffce180f296526fc7488864978f3019a.npy,train
ffdbbc9b82d081f79f62616f8ba3f422.npy,train
